code,from_class,to_class,area_ha
11,Forest,Forest,3165.21
12,Forest,Shrubland/grassland,255.7
13,Forest,Cropland,2.66
14,Forest,Built-up,0.11
15,Forest,Bare/sparse,2.66
21,Shrubland/grassland,Forest,188.46
22,Shrubland/grassland,Shrubland/grassland,3332.23
23,Shrubland/grassland,Cropland,64.91
24,Shrubland/grassland,Built-up,14.39
25,Shrubland/grassland,Bare/sparse,63.12
31,Cropland,Forest,3.0
32,Cropland,Shrubland/grassland,105.11
33,Cropland,Cropland,395.39
34,Cropland,Built-up,23.68
35,Cropland,Bare/sparse,14.02
41,Built-up,Forest,0.04
42,Built-up,Shrubland/grassland,14.32
43,Built-up,Cropland,11.13
44,Built-up,Built-up,206.16
45,Built-up,Bare/sparse,10.33
51,Bare/sparse,Forest,0.69
52,Bare/sparse,Shrubland/grassland,43.44
53,Bare/sparse,Cropland,13.84
54,Bare/sparse,Built-up,7.61
55,Bare/sparse,Bare/sparse,146.11
63,Water,Cropland,0.01
65,Water,Bare/sparse,0.1
66,Water,Water,0.04
